Participant,Age,IPT,TotalTime,avgPlanall,PlanAccGam,SAT,RankDiffall,Pred4Time,Pred9Time,AvgPredAcc,MonFail,PrAccNFail,CJT,CJP,RefTimeAcc,RefPuzzAcc,StratUsed,StratImp,PuzzAcc,Plan1,Plan2,Plan3,Plan4,MonCon1,MonCon2,MonCon3,MonCon4,Eval1,Eval2,Eval3,Know1,Know2,Evalb,Evalc
3,16,309.5386076,1104.020256,0.233898227,0.75,7,4.7,547,802,7.1819724,Y,0.301411482,7,8,6.8819724,0.1,2,2,18,0.233898227,0.75,0.7,0.53,-0.006181972,0.9,0.698588518,0,-0.005881972,0.9,0.998588518,2,2,0.005881972,0.9
4,16,109.39086,528.2742766,0.185517399,0.3333333,8,5.3,565,733,0.576915819,N,0.576915819,4,8,0.023084181,0,2,1,16,0.185517399,0.3333333,0.8,0.47,0.423084181,1,0.423084181,0.46875,0.976915819,1,0.976915819,2,1,0.976915819,1
5,16,175.3029084,724.4614538,0.209293695,-0.3333333,6,3.15,490,620,0.377653828,N,0.377653828,7,8,0.077653828,0.15,1,1,19,0.209293695,-0.3333333,0.6,0.685,0.622346172,1,0.622346172,0.4736842,0.922346172,0.85,0.922346172,1,1,0.922346172,0.85
6,17,252.2994638,873.9648489,0.240010977,0.3333333,7,4.65,370,600,0.293911626,N,0.293911626,6,4,0.106088374,0.55,2,1,19,0.240010977,0.3333333,0.7,0.535,0.706088374,1,0.706088374,-0.4736842,0.893911626,0.45,0.893911626,2,1,0.893911626,0.45
7,15,157.2382928,664.2659948,0.202520259,0.03703704,7,3.55,355,485,0.27783369,N,0.27783369,6,7,0.12216631,0.05,2,2,15,0.202520259,0.03703704,0.7,0.645,0.72216631,1,0.72216631,-0.0666667,0.87783369,0.95,0.87783369,2,2,0.87783369,0.95
8,16,252.5735841,1265.320635,0.181564475,0.3333333,10,4.5,562,923,0.347251667,N,0.347251667,6,7,0.052748333,0.1,2,1,16,0.181564475,0.3333333,1,0.55,0.652748333,1,0.652748333,-0.5625,0.947251667,0.9,0.947251667,2,1,0.947251667,0.9
9,17,239.950933,807.1592672,0.241069058,-0.1111111,7,3.75,375,685,0.27968167,N,0.27968167,5,9,0.22031833,0.05,2,1,19,0.241069058,-0.1111111,0.7,0.625,0.72031833,1,0.72031833,-0.7894737,0.77968167,0.95,0.77968167,2,1,0.77968167,0.95
10,17,248.3539166,984.1497395,0.215316047,0.1111111,7,3.9,432,785,0.225357908,N,0.225357908,7,9,0.074642092,0.05,2,2,19,0.215316047,0.1111111,0.7,0.61,0.774642092,1,0.774642092,-0.2631579,0.925357908,0.95,0.925357908,2,2,0.925357908,0.95
11,17,135.1342329,1243.228293,0.102418482,-0.9047619,0,9.1,1200,1200,0.481988211,N,0.481988211,5,5,0.018011789,0.35,1,0,17,0.102418482,-0.9047619,0,0.09,0.518011789,1,0.518011789,0.5686275,0.981988211,0.65,0.981988211,1,0,0.981988211,0.65
12,17,232.1190777,856.8502468,0.22589095,0,10,3.85,347,700,0.377495541,N,0.377495541,1,6,0.522504459,0.3,2,0,18,0.22589095,0,1,0.615,0.622504459,1,0.622504459,-0.6111111,0.477495541,0.7,0.477495541,2,0,0.477495541,0.7
13,16,167.691616,1017.068882,0.152208824,1,7,4.15,494,662,0.365923338,N,0.365923338,3,7,0.334076662,0.25,2,1,19,0.152208824,1,0.7,0.585,0.634076662,1,0.634076662,-1,0.665923338,0.75,0.665923338,2,1,0.665923338,0.75
17,12,499.7450262,704.4462397,0.391203826,-0.25,3,5.3,465,570,0.335450214,N,0.335450214,7,10,0.035450214,0.4,2,2,12,0.391203826,-0.25,0.3,0.47,0.664549786,1,0.664549786,0.5208333,0.964549786,0.6,0.964549786,2,2,0.964549786,0.6
18,13,242.5796813,1451.393177,0.153626839,-0.375,4,4.8,866,968,0.26990667,N,0.26990667,5,5,0.23009333,0.4,2,1,18,0.153626839,-0.375,0.4,0.52,0.73009333,1,0.73009333,-0.4444444,0.76990667,0.6,0.76990667,2,1,0.76990667,0.6
19,13,242.939921,1423.639138,0.160759903,0.3333333,9,5.65,607,1113,0.302541955,N,0.302541955,3,4,0.397458045,0.15,0,0,11,0.160759903,0.3333333,0.9,0.435,0.697458045,1,0.697458045,0.3939394,0.602541955,0.85,0.602541955,0,0,0.602541955,0.85
22,16,162.9038736,933.0802762,0.171250128,0.2173913,8,4.75,384,554,0.439836658,N,0.439836658,4,4,0.160163342,0.4,2,1,16,0.171250128,0.2173913,0.8,0.525,0.560163342,1,0.560163342,0.28125,0.839836658,0.6,0.839836658,2,1,0.839836658,0.6
23,16,160.4571011,1070.09871,0.140876045,-0.1428571,9,4.85,395,627,0.326042498,N,0.326042498,6,8,0.073957502,0.05,2,2,17,0.140876045,-0.1428571,0.9,0.515,0.673957502,1,0.673957502,0.372549,0.926042498,0.95,0.926042498,2,2,0.926042498,0.95
24,16,193.9938154,950.8073732,0.179816784,0.5833333,8,4.65,427,925,0.316502091,N,0.316502091,3,3,0.383497909,0.4,2,1,14,0.179816784,0.5833333,0.8,0.535,0.683497909,1,0.683497909,0.2142857,0.616502091,0.6,0.616502091,2,1,0.616502091,0.6
25,14,204.9059996,582.5719995,0.27171204,-0.04761905,7,5.1,262,386,3.18420296,Y,0.324503306,9,8,3.08420296,0.05,2,1,17,0.27171204,-0.04761905,0.7,0.49,-0.002184203,0.9,0.675496694,-0.1764706,-0.002084203,0.95,0.775496694,2,1,0.002084203,0.95
26,13,961.9730005,929.3050008,0.475019307,-0.25,7,5.65,236,484,15.5914508,Y,0.330401043,3,7,14.8914508,0.2,2,1,18,0.475019307,-0.25,0.7,0.435,-0.014591451,0.75,0.669598957,-0.3333333,-0.013891451,0.8,0.630401043,2,1,0.013891451,0.8
27,15,281.516999,512.1029999,0.367587262,-0.7777777,8,4.55,201,298,0.182818883,N,0.182818883,7,8,0.117181117,0.15,2,0,19,0.367587262,-0.7777777,0.8,0.545,0.817181117,1,0.817181117,-1,0.882818883,0.85,0.882818883,2,0,0.882818883,0.85
30,10,198.387977,1421.377546,0.143694274,0.1034483,8,4.9,601,963,0.784350359,N,0.784350359,4,1,0.184350359,0.25,0,0,7,0.143694274,0.1034483,0.8,0.51,0.215649641,1,0.215649641,0.1428571,0.815649641,0.75,0.815649641,0,0,0.815649641,0.75
31,11,307.226581,1153.360633,0.226618672,0.75,10,2.8,340,693,0.384913718,N,0.384913718,7,7,0.084913718,0.2,2,2,18,0.226618672,0.75,1,0.72,0.615086282,1,0.615086282,-1,0.915086282,0.8,0.915086282,2,2,0.915086282,0.8
32,10,425.1141862,1917.251729,0.195914086,0.2380952,8,3.9,998,1150,0.241380456,N,0.241380456,8,6,0.041380456,0.25,2,1,7,0.195914086,0.2380952,0.8,0.61,0.758619544,1,0.758619544,1,0.958619544,0.75,0.958619544,2,1,0.958619544,0.75
34,12,507.5839842,1324.302153,0.291048598,0.4285714,10,3.25,423,900,0.277432197,N,0.277432197,6,7,0.122567803,0.15,2,2,17,0.291048598,0.4285714,1,0.675,0.722567803,1,0.722567803,-0.7647059,0.877432197,0.85,0.877432197,2,2,0.877432197,0.85
35,10,280.2011578,899.7859375,0.244671194,0.09677419,10,3.05,679,1071,0.529994637,N,0.529994637,9,10,0.429994637,0.45,2,2,11,0.244671194,0.09677419,1,0.695,0.470005363,1,0.470005363,-0.0505051,0.570005363,0.55,0.570005363,2,2,0.570005363,0.55
36,10,203.6657372,1021.032743,0.176215751,0.7419355,10,2.95,604,875,0.396992779,N,0.396992779,5,7,0.103007221,0.05,2,1,13,0.176215751,0.7419355,1,0.705,0.603007221,1,0.603007221,0.07692308,0.896992779,0.95,0.896992779,2,1,0.896992779,0.95
37,10,313.0398283,1477.015069,0.171788394,1,8,5.55,954,1060,0.310596673,N,0.310596673,4,5,0.289403327,0.3,2,1,16,0.171788394,1,0.8,0.445,0.689403327,1,0.689403327,0.5625,0.710596673,0.7,0.710596673,2,1,0.710596673,0.7
38,10,228.6181651,1212.430184,0.16990058,0.9166666,10,3.75,623,962,0.35967133,N,0.35967133,9,8,0.25967133,0,2,1,16,0.16990058,0.9166666,1,0.625,0.64032867,1,0.64032867,0.1875,0.74032867,1,0.74032867,2,1,0.74032867,1
39,10,278.4855394,1568.007408,0.155625854,-0.3043478,9,3.5,907,1135,0.302300097,N,0.302300097,8,7,0.102300097,0.15,2,1,11,0.155625854,-0.3043478,0.9,0.65,0.697699903,1,0.697699903,0.8181818,0.897699903,0.85,0.897699903,2,1,0.897699903,0.85
40,10,396.5625237,1648.401319,0.194652948,0.6470588,6,5.55,956,944,0.660703938,N,0.660703938,5,8,0.160703938,0.3,2,1,10,0.194652948,0.6470588,0.6,0.445,0.339296062,1,0.339296062,0.22,0.839296062,0.7,0.839296062,2,1,0.839296062,0.7
41,10,306.403385,960.5063831,0.263605887,-0.125,7,5.2,849,1052,0.513844862,N,0.513844862,1,3,0.386155138,0.1,2,1,8,0.263605887,-0.125,0.7,0.48,0.486155138,1,0.486155138,-0.6666667,0.613844862,0.9,0.613844862,2,1,0.613844862,0.9
42,10,299.2985531,1064.663528,0.236979384,0.5555555,10,2.55,350,926,0.298575574,N,0.298575574,7,10,0.001424426,0.05,2,2,19,0.236979384,0.5555555,1,0.745,0.701424426,1,0.701424426,-0.5789474,0.998575574,0.95,0.998575574,2,2,0.998575574,0.95
43,10,191.3733973,1177.119381,0.150882377,0.2,5,6.1,952,1187,0.473507777,N,0.473507777,6,4,0.073507777,0.35,2,1,15,0.150882377,0.2,0.5,0.39,0.526492223,1,0.526492223,0.7066667,0.926492223,0.65,0.926492223,2,1,0.926492223,0.65
44,10,463.153477,1431.053491,0.266248315,0.3793103,8,4.65,601,885,0.295412837,N,0.295412837,5,9,0.204587163,0.25,2,1,13,0.266248315,0.3793103,0.8,0.535,0.704587163,1,0.704587163,-0.1868132,0.795412837,0.75,0.795412837,2,1,0.795412837,0.75
45,10,381.6925613,990.2024553,0.289501614,1,9,4.3,264,615,0.462691387,N,0.462691387,6,7,0.062691387,0.25,2,1,19,0.289501614,1,0.9,0.57,0.537308613,1,0.537308613,-0.8947368,0.937308613,0.75,0.937308613,2,1,0.937308613,0.75
46,11,468.3162972,1794.589024,0.212008821,-0.1764706,5,5.7,1009,1200,0.206028718,N,0.206028718,6,8,0.193971282,0.3,2,1,10,0.212008821,-0.1764706,0.5,0.43,0.793971282,1,0.793971282,1,0.806028718,0.7,0.806028718,2,1,0.806028718,0.7
47,10,365.7404664,1280.5603,0.238216362,-0.04,9,4,550,751,7.7144682,Y,0.311188431,4,8,7.1144682,0.05,2,1,15,0.238216362,-0.04,0.9,0.6,-0.006714468,0.9,0.688811569,-0.28,-0.006114468,0.95,0.711188431,2,1,0.006114468,0.95
48,11,250.3180719,780.440505,0.266199711,0.3333333,10,2.9,248,611,0.335438203,N,0.335438203,7,8,0.035438203,0.05,2,2,17,0.266199711,0.3333333,1,0.71,0.664561797,1,0.664561797,0.3333333,0.964561797,0.95,0.964561797,2,2,0.964561797,0.95
49,10,365.9641657,1496.025849,0.204953017,0.5833333,8,3.4,864,1171,0.301931323,N,0.301931323,6,7,0.098068677,0,2,1,14,0.204953017,0.5833333,0.8,0.66,0.698068677,1,0.698068677,1,0.901931323,1,0.901931323,2,1,0.901931323,1
50,10,449.0627952,1765.246864,0.218379407,0.9130435,6,4.8,924,1108,0.267774516,N,0.267774516,5,3,0.232225484,0.15,2,1,9,0.218379407,0.9130435,0.6,0.52,0.732225484,1,0.732225484,0.6363636,0.767774516,0.85,0.767774516,2,1,0.767774516,0.85
51,10,294.792251,1350.022137,0.195279678,0.9354839,10,3.1,323,851,0.290924044,N,0.290924044,3,0,0.409075956,0.55,2,1,11,0.195279678,0.9354839,1,0.69,0.709075956,1,0.709075956,-0.3737374,0.590924044,0.45,0.590924044,2,1,0.590924044,0.45
52,10,276.1654994,1130.938087,0.209305696,0.8333333,8,4,727,1191,0.422961825,N,0.422961825,7,10,0.122961825,0.2,2,2,16,0.209305696,0.8333333,0.8,0.6,0.577038175,1,0.577038175,0.28125,0.877038175,0.8,0.877038175,2,2,0.877038175,0.8
53,11,278.2485817,878.4663686,0.252385472,-0.25,10,3.65,296,650,0.170307865,N,0.170307865,6,4,0.229692135,0.4,2,1,16,0.252385472,-0.25,1,0.635,0.829692135,1,0.829692135,-0.5,0.770307865,0.6,0.770307865,2,1,0.770307865,0.6
54,11,257.6846333,1519.597894,0.15605675,0.3571429,9,4.1,784,1059,0.376941451,N,0.376941451,6,7,0.023058549,0.2,2,2,10,0.15605675,0.3571429,0.9,0.59,0.623058549,1,0.623058549,0.58,0.976941451,0.8,0.976941451,2,2,0.976941451,0.8
55,10,356.3269913,1128.432114,0.255452772,0.1111111,10,3.35,424,896,0.220954832,N,0.220954832,7,8,0.079045168,0.15,2,1,19,0.255452772,0.1111111,1,0.665,0.779045168,1,0.779045168,-0.4736842,0.920954832,0.85,0.920954832,2,1,0.920954832,0.85
56,10,189.4697907,1167.298971,0.162100736,0.05882353,2,6.5,1121,1120,0.534479168,N,0.534479168,8,6,0.334479168,0.1,2,1,10,0.162100736,0.05882353,0.2,0.35,0.465520832,1,0.465520832,0.6,0.665520832,0.9,0.665520832,2,1,0.665520832,0.9
57,10,439.1797104,1333.809145,0.279777396,-0.2173913,8,4.55,615,819,0.428377372,N,0.428377372,5,5,0.071622628,0.05,2,1,11,0.279777396,-0.2173913,0.8,0.545,0.571622628,1,0.571622628,-0.2727273,0.928377372,0.95,0.928377372,2,1,0.928377372,0.95
59,11,332.6620642,1411.134482,0.234098399,0.75,1,8.4,1180,1200,0.405020719,N,0.405020719,6,5,0.005020719,0.3,2,2,4,0.234098399,0.75,0.1,0.16,0.594979281,1,0.594979281,0.4375,0.994979281,0.7,0.994979281,2,2,0.994979281,0.7
60,10,349.8364078,1230.502255,0.234881994,0.3333333,10,4.7,613,936,0.228811166,N,0.228811166,7,6,0.071188834,0,2,2,12,0.234881994,0.3333333,1,0.53,0.771188834,1,0.771188834,0.3333333,0.928811166,1,0.928811166,2,2,0.928811166,1
62,10,507.5643283,2290.358926,0.192827862,-1,8,5.85,788,946,0.392875471,N,0.392875471,3,4,0.307124529,0.35,0,2,1,0.192827862,-1,0.8,0.415,0.607124529,1,0.607124529,-0.4736842,0.692875471,0.65,0.692875471,0,2,0.692875471,0.65
63,10,220.3797972,1451.326571,0.141283684,0.7142857,9,3.1,720,1070,0.302504595,N,0.302504595,9,9,0.202504595,0.25,2,2,13,0.141283684,0.7142857,0.9,0.69,0.697495405,1,0.697495405,0.7362637,0.797495405,0.75,0.797495405,2,2,0.797495405,0.75
64,11,233.4224357,1357.464994,0.155451135,0.2380952,10,2.85,435,980,0.454106334,N,0.454106334,6,4,0.054106334,0.45,2,1,17,0.155451135,0.2380952,1,0.715,0.545893666,1,0.545893666,0.1764706,0.945893666,0.55,0.945893666,2,1,0.945893666,0.55
65,11,292.0133241,1144.812249,0.214299713,0.7777777,10,3.95,552,834,0.259958617,N,0.259958617,5,8,0.240041383,0.15,2,1,19,0.214299713,0.7777777,1,0.605,0.740041383,1,0.740041383,0.2631579,0.759958617,0.85,0.759958617,2,1,0.759958617,0.85
66,10,547.724117,2147.02811,0.218958172,1,1,7.3,1140,1198,0.147259167,N,0.147259167,10,10,0.147259167,0.6,2,1,8,0.218958172,1,0.1,0.27,0.852740833,1,0.852740833,1,0.852740833,0.4,0.852740833,2,1,0.852740833,0.4
67,10,204.6489523,1260.194398,0.147965609,0.6190476,10,2.95,584,1095,0.301700076,N,0.301700076,6,7,0.098299924,0.15,2,1,17,0.147965609,0.6190476,1,0.705,0.698299924,1,0.698299924,0.6862745,0.901700076,0.85,0.901700076,2,1,0.901700076,0.85
68,10,255.7265812,1074.501143,0.206164338,-0.1111111,10,4.45,387,760,0.29404583,N,0.29404583,7,8,0.00595417,0.15,2,1,19,0.206164338,-0.1111111,1,0.555,0.70595417,1,0.70595417,-0.2631579,0.99404583,0.85,0.99404583,2,1,0.99404583,0.85
69,10,343.0426339,1415.656854,0.210116093,0.84,9,2.9,653,1142,0.301539315,N,0.301539315,2,2,0.498460685,0.55,2,2,15,0.210116093,0.84,0.9,0.71,0.698460685,1,0.698460685,0.8666667,0.501539315,0.45,0.501539315,2,2,0.501539315,0.45
70,10,283.7096885,1297.494361,0.198998653,0,4,7.4,822,808,0.322417776,N,0.322417776,5,5,0.177582224,0.3,2,2,4,0.198998653,0,0.4,0.26,0.677582224,1,0.677582224,0.3125,0.822417776,0.7,0.822417776,2,2,0.822417776,0.7
71,10,426.9431008,1373.482467,0.303047056,-0.3333333,0,7,1080,1075,6.294285519,Y,0.418251474,2,2,5.494285519,0.15,1,2,1,0.303047056,-0.3333333,0,0.3,-0.005294286,0.9,0.581748526,0.1578947,-0.004494286,0.85,0.618251474,1,2,0.004494286,0.85
72,11,241.1551186,797.2175135,0.251183253,0.75,10,4,224,664,0.302739961,N,0.302739961,7,8,0.002739961,0.1,2,2,18,0.251183253,0.75,1,0.6,0.697260039,1,0.697260039,-0.5,0.997260039,0.9,0.997260039,2,2,0.997260039,0.9
74,10,216.0752857,1294.72085,0.157701734,1,3,6.4,1038,1134,0.431264811,N,0.431264811,6,6,0.031264811,0.15,2,1,15,0.157701734,1,0.3,0.36,0.568735189,1,0.568735189,0.8133333,0.968735189,0.85,0.968735189,2,1,0.968735189,0.85
75,10,302.922837,1501.754275,0.179642368,0.12,10,4,708,1105,0.312186409,N,0.312186409,4,5,0.287813591,0.25,2,1,15,0.179642368,0.12,1,0.6,0.687813591,1,0.687813591,0.8666667,0.712186409,0.75,0.712186409,2,1,0.712186409,0.75
76,10,479.111924,1487.731622,0.295195474,-0.3043478,7,3.75,542,774,0.481624579,N,0.481624579,5,4,0.018375421,0.05,2,2,9,0.295195474,-0.3043478,0.7,0.625,0.518375421,1,0.518375421,-0.01010101,0.981624579,0.95,0.981624579,2,2,0.981624579,0.95
77,10,757.722469,1445.434055,0.355879808,0.3103448,10,2.9,433,1008,0.267333318,N,0.267333318,7,6,0.032666682,0.1,2,1,14,0.355879808,0.3103448,1,0.71,0.732666682,1,0.732666682,0.3571429,0.967333318,0.9,0.967333318,2,1,0.967333318,0.9
78,12,200.0561014,713.8368654,0.232487694,-0.3333333,9,3.2,365,691,0.308222148,N,0.308222148,4,5,0.291777852,0.45,2,2,19,0.232487694,-0.3333333,0.9,0.68,0.691777852,1,0.691777852,-0.5789474,0.708222148,0.55,0.708222148,2,2,0.708222148,0.55
79,11,221.1707544,1021.019752,0.197506041,0.4117647,10,3,240,882,0.208979717,N,0.208979717,5,7,0.291020283,0.15,2,2,17,0.197506041,0.4117647,1,0.7,0.791020283,1,0.791020283,0.01960784,0.708979717,0.85,0.708979717,2,2,0.708979717,0.85
80,11,291.2843517,1111.744934,0.219788751,0.8333333,10,4.1,489,762,0.3583721,N,0.3583721,7,7,0.0583721,0.1,2,1,16,0.219788751,0.8333333,1,0.59,0.6416279,1,0.6416279,-0.28125,0.9416279,0.9,0.9416279,2,1,0.9416279,0.9
81,11,240.310802,1553.422524,0.145202373,-0.3333333,9,3.5,826,1071,0.325245771,N,0.325245771,4,7,0.274754229,0.1,2,1,12,0.145202373,-0.3333333,0.9,0.65,0.674754229,1,0.674754229,0.4791667,0.725245771,0.9,0.725245771,2,1,0.725245771,0.9
82,11,285.092752,1730.20168,0.162340797,0.2142857,1,6.25,958,960,8.101388406,Y,0.324267616,7,7,7.801388406,0.2,2,1,10,0.162340797,0.2142857,0.1,0.375,-0.007101388,0.9,0.675732384,0.6,-0.006801388,0.8,0.975732384,2,1,0.006801388,0.8
83,12,329.1940621,1614.466975,0.180441748,0.2380952,8,4.15,793,1044,0.538537824,N,0.538537824,5,7,0.038537824,0.35,2,1,7,0.180441748,0.2380952,0.8,0.585,0.461462176,1,0.461462176,-0.07692308,0.961462176,0.65,0.961462176,2,1,0.961462176,0.65
84,11,273.60378,1513.197413,0.16244228,0.4133333,9,4,621,885,8.317403357,Y,0.274258172,7,6,8.017403357,0.1,2,1,14,0.16244228,0.4133333,0.9,0.6,-0.007317403,0.9,0.725741828,-0.02380952,-0.007017403,0.9,0.974258172,2,1,0.007017403,0.9
86,25,225.7677079,1321.179692,0.156648662,0.44,9,4.8,553,1002,0.397624332,N,0.397624332,6,,0.097595091,,2,1,16,0.156648662,0.44,0.9,0.52,0.602375668,1,0.602375668,0.6875,0.902404909,NA,0.997624332,2,1,0.902404909,0.8
87,23,168.0662092,716.5969084,0.202355638,-0.1428571,10,5.65,326,491,0.325491838,N,0.325491838,6,,0.074508162,,2,2,17,0.202355638,-0.1428571,1,0.435,0.674508162,1,0.674508162,0.01960784,0.925491838,NA,0.925491838,2,2,0.925491838,0.75
88,25,127.846311,414.6484708,0.257041154,-0.4814815,10,4.2,135,323,0.198019941,N,0.198019941,9,,0.098019941,,2,2,12,0.257041154,-0.4814815,1,0.58,0.801980059,1,0.801980059,0.625,0.901980059,NA,0.901980059,2,2,0.901980059,0.7
89,23,173.3358789,1345.594431,0.121541439,0.2258065,2,6.05,1018,1085,0.70059212,N,0.70059212,3,,0.123764981,,2,0,13,0.121541439,0.2258065,0.2,0.395,0.29940788,1,0.29940788,0.1648352,0.876235019,NA,0.99940788,2,0,0.876235019,0.65
90,25,215.3492767,951.0521092,0.191385695,0.3333333,8,3.666666667,402,743,0.336472492,Y,0.336472492,6,,0.063527508,,2,1,19,0.191385695,0.3333333,0.8,0.633333333,0.663527508,0.9,0.663527508,0.4736842,0.936472492,NA,0.936472492,2,1,0.936472492,0.65
91,23,278.4986604,1212.30488,0.200368399,0,9,3.8,507,861,0.376037195,N,0.376037195,9,,0.221809789,,2,2,17,0.200368399,0,0.9,0.62,0.623962805,1,0.623962805,0.7254902,0.778190211,NA,0.723962805,2,2,0.778190211,0.95
93,20,265.7356778,876.166398,0.2491626,0.4285714,10,4.25,321,777,0.247840806,N,0.247840806,6,,0.152159194,,2,2,17,0.2491626,0.4285714,1,0.575,0.752159194,1,0.752159194,0.372549,0.847840806,NA,0.847840806,2,2,0.847840806,0.75
95,24,452.2518541,1501.658241,0.169263546,-0.3103448,4,7.75,896,591,11.69033062,N,11.69033062,5,,10.98940478,,2,1,14,0.169263546,-0.3103448,0.4,0.225,-0.010690331,1,-10.69033062,0.2142857,-0.009989405,NA,-10.19033062,2,1,0.009989405,0.8
98,23,181.8579391,715.2144354,0.224388207,0.7777777,10,4.15,360,755,0.380630751,N,0.380630751,8,,0.180630751,,2,2,19,0.224388207,0.7777777,1,0.585,0.619369249,1,0.619369249,0.6842105,0.819369249,NA,0.819369249,2,2,0.819369249,0.85
99,18,203.2055029,804.1793368,0.228888599,-0.4166666,10,4.8,214,557,0.499568758,N,0.499568758,6,,0.099568758,,2,1,16,0.228888599,-0.4166666,1,0.52,0.500431242,1,0.500431242,0.25,0.900431242,NA,0.900431242,2,1,0.900431242,0.8
100,25,308.9325668,837.443251,0.286347265,0.125,10,4.3,312,761,0.349186525,N,0.349186525,6,,0.088313475,,2,1,18,0.286347265,0.125,1,0.57,0.650813475,1,0.650813475,0.4444444,0.911686525,NA,0.949186525,2,1,0.911686525,0.7
101,22,198.6058194,784.0477275,0.219399637,-0.5238095,10,5.05,318,797,0.541080316,N,0.541080316,6,,0.070970555,,2,2,18,0.219399637,-0.5238095,1,0.495,0.458919684,1,0.458919684,0,0.929029445,NA,0.858919684,2,2,0.929029445,0.7
102,24,166.8104074,816.1207484,0.190099619,0.04761905,9,4,279,610,0.302305865,Y,0.302305865,7,,0.002305865,,2,1,18,0.190099619,0.04761905,0.9,0.6,0.697694135,0.9,0.697694135,0.7222222,0.997694135,NA,0.997694135,2,1,0.997694135,0.8
103,20,246.2321341,475.9662025,0.355744356,0.25,10,3.8,164,382,0.18854336,N,0.18854336,6,,0.21145664,,2,1,18,0.355744356,0.25,1,0.62,0.81145664,1,0.81145664,0.6666667,0.78854336,NA,0.78854336,2,1,0.78854336,0.7
104,19,166.3171536,702.9461385,0.20776977,0.3333333,10,3.95,248,733,0.281832078,N,0.281832078,8,,0.081832078,,2,2,17,0.20776977,0.3333333,1,0.605,0.718167922,1,0.718167922,0.7254902,0.918167922,NA,0.918167922,2,2,0.918167922,0.95
105,22,220.7787531,773.8451136,0.239034515,0.375,10,5.15,430,820,0.444203683,N,0.444203683,2,,0.355796317,,2,1,18,0.239034515,0.375,1,0.485,0.555796317,1,0.555796317,0.27777778,0.644203683,NA,0.644203683,2,1,0.644203683,0.3
108,22,213.3237002,849.9817959,0.213080164,0.375,10,4.55,213,651,0.226631647,N,0.226631647,3,,0.473368353,,2,0,18,0.213080164,0.375,1,0.545,0.773368353,1,0.773368353,0.7777778,0.526631647,NA,0.526631647,2,0,0.526631647,0.4
109,21,161.6020936,795.259469,0.18493431,0.1428571,10,4.15,268,618,0.325691394,N,0.325691394,6,,0.10106857,,2,2,18,0.18493431,0.1428571,1,0.585,0.674308606,1,0.674308606,0.2777778,0.89893143,NA,0.925691394,2,2,0.89893143,0.7
111,25,171.8396822,807.3194249,0.188636326,0.3333333,10,4,292,595,0.204031021,N,0.204031021,5,,0.295968979,,2,1,17,0.188636326,0.3333333,1,0.6,0.795968979,1,0.795968979,0.6862745,0.704031021,NA,0.704031021,2,1,0.704031021,0.65
112,21,292.6070589,624.0643134,0.336128429,0.625,9,4.1,226,485,0.19826511,N,0.19826511,7,,0.10173489,,2,2,12,0.336128429,0.625,0.9,0.59,0.80173489,1,0.80173489,0.5625,0.89826511,NA,0.89826511,2,2,0.89826511,0.9
113,25,351.7946283,1044.709395,0.264096569,-0.1111111,10,3.85,311,715,0.27124148,N,0.27124148,8,,0.07124148,,2,2,19,0.264096569,-0.1111111,1,0.615,0.72875852,1,0.72875852,0.3684211,0.92875852,NA,0.92875852,2,2,0.92875852,0.85
114,25,241.6150058,919.180988,0.220285725,0.7777777,10,4.4,321,735,0.240431731,N,0.240431731,6,,0.163488882,,2,2,19,0.220285725,0.7777777,1,0.56,0.759568269,1,0.759568269,0.5789474,0.836511118,NA,0.840431731,2,2,0.836511118,0.65
115,24,211.3007375,932.8715627,0.198126734,0.375,10,4.75,308,677,0.349470314,N,0.349470314,6,,0.107963126,,2,1,19,0.198126734,0.375,1,0.525,0.650529686,1,0.650529686,0.8947368,0.892036874,NA,0.949470314,2,1,0.892036874,0.65
116,25,157.3022761,1089.865959,0.137049169,0.5,10,4.3,343,799,0.238115275,N,0.238115275,8,,0.028102335,,2,1,16,0.137049169,0.5,1,0.57,0.761884725,1,0.761884725,0.71875,0.971897665,NA,0.961884725,2,1,0.971897665,1
117,25,277.5724553,1070.567477,0.232375306,0.1724138,9,5.75,376,688,0.624576199,N,0.624576199,6,,0.082243428,,2,1,13,0.232375306,0.1724138,0.9,0.425,0.375423801,1,0.375423801,0.7362637,0.917756572,NA,0.775423801,2,1,0.917756572,0.95
119,23,367.8258446,887.3196171,0.311125021,0.8095238,10,4.35,265,740,0.284192907,N,0.284192907,8,,0.084192907,,2,2,13,0.311125021,0.8095238,1,0.565,0.715807093,1,0.715807093,0.7362637,0.915807093,NA,0.915807093,2,2,0.915807093,0.85
120,25,307.3266832,1469.19696,0.214512143,0.3548387,10,4.75,410,1025,0.638593565,N,0.638593565,4,,0.207854399,,2,0,11,0.214512143,0.3548387,1,0.525,0.361406435,1,0.361406435,0.4747475,0.792145601,NA,0.961406435,2,0,0.792145601,0.85
121,25,202.9739237,640.9507786,0.257310187,-0.375,10,4.25,195,591,0.269692961,N,0.269692961,5,,0.230307039,,2,2,18,0.257310187,-0.375,1,0.575,0.730307039,1,0.730307039,0.5555556,0.769692961,NA,0.769692961,2,2,0.769692961,0.6
122,24,171.26039,642.658586,0.249230216,0.1428571,10,4.75,258,502,0.305414364,N,0.305414364,6,,0.094585636,,2,1,17,0.249230216,0.1428571,1,0.525,0.694585636,1,0.694585636,0.4509804,0.905414364,NA,0.905414364,2,1,0.905414364,0.75
123,20,165.2558978,557.4690076,0.246043888,-0.5833333,10,4.4,184,441,0.242582828,N,0.242582828,8,,0.042582828,,2,1,16,0.246043888,-0.5833333,1,0.56,0.757417172,1,0.757417172,0.71875,0.957417172,NA,0.957417172,2,1,0.957417172,1
124,21,178.3132187,567.4324096,0.258428047,-0.04347826,10,4.8,226,420,0.324119885,N,0.324119885,6,,0.075880115,,2,2,15,0.258428047,-0.04347826,1,0.52,0.675880115,1,0.675880115,0.3066667,0.924119885,NA,0.924119885,2,2,0.924119885,0.85
125,18,184.3972827,1277.279627,0.138912713,0.3333333,10,2.35,661,1027,0.288603036,N,0.288603036,7,,0.011396964,,2,2,19,0.138912713,0.3333333,1,0.765,0.711396964,1,0.711396964,0.1578947,0.988603036,NA,0.988603036,2,2,0.988603036,0.75
126,22,186.603415,735.6308036,0.220198001,0.875,6,4.3,314,586,0.241927533,N,0.241927533,7,,0.058072467,,2,1,18,0.220198001,0.875,0.6,0.57,0.758072467,1,0.758072467,0.6666667,0.941927533,NA,0.941927533,2,1,0.941927533,0.8
127,25,185.3668061,1461.61094,0.121664956,0.5238095,10,3.8,589,900,0.343153172,N,0.343153172,4,,0.256846828,,2,1,17,0.121664956,0.5238095,1,0.62,0.656846828,1,0.656846828,0.254902,0.743153172,NA,0.743153172,2,1,0.743153172,0.55
129,19,256.7637341,1429.95873,0.161224539,0.03225806,9,3.1875,540,824,0.295269506,Y,0.295269506,4,3,0.304730494,0.15,2,1,9,0.161224539,0.03225806,0.9,0.68125,0.704730494,0.8,0.704730494,0.6565657,0.695269506,0.85,0.695269506,2,1,0.695269506,0.85
130,21,262.0758651,1574.153474,0.150978583,0.5,10,3.15,630,1074,0.324162381,N,0.324162381,0,2,0.675837619,0.5,2,2,14,0.150978583,0.5,1,0.685,0.675837619,1,0.675837619,0.6904762,0.324162381,0.5,0.324162381,2,2,0.324162381,0.5
131,20,204.2443491,1659.177683,0.204717973,-0.1111111,3,5.65,1052,1076,0.351051075,N,0.351051075,6,5,0.048948925,0.1,2,1,8,0.204717973,-0.1111111,0.3,0.435,0.648948925,1,0.648948925,0.375,0.951051075,0.9,0.951051075,2,1,0.951051075,0.9
135,22,165.9179135,1002.222879,0.15076948,-0.1111111,6,6.7,672,711,0.349262675,N,0.349262675,6,7,0.050737325,0.25,1,1,19,0.15076948,-0.1111111,0.6,0.33,0.650737325,1,0.650737325,0.2631579,0.949262675,0.75,0.949262675,1,1,0.949262675,0.75
136,24,206.0804757,1233.845587,0.156498236,1,5,4.85,824,967,0.398594093,N,0.398594093,7,6,0.098594093,0.35,0,1,19,0.156498236,1,0.5,0.515,0.601405907,1,0.601405907,0.8947368,0.901405907,0.65,0.901405907,0,1,0.901405907,0.65
137,24,187.2273399,786.5148106,0.211458121,0.3333333,8,4.65,413,686,0.354901674,N,0.354901674,6,9,0.045098326,0.05,2,1,19,0.211458121,0.3333333,0.8,0.535,0.645098326,1,0.645098326,0.05263158,0.954901674,0.95,0.954901674,2,1,0.954901674,0.95
138,23,298.7513476,1143.357368,0.222728019,0.375,6,5,443,851,0.343852334,N,0.343852334,2,7,0.456147666,0.2,2,1,18,0.222728019,0.375,0.6,0.5,0.656147666,1,0.656147666,0.5,0.543852334,0.8,0.543852334,2,1,0.543852334,0.8
139,24,235.5760974,1653.932979,0.136995079,0.5862069,9,3.65,411,905,0.884515617,N,0.884515617,4,5,0.284515617,0.15,2,1,13,0.136995079,0.5862069,0.9,0.635,0.115484383,1,0.115484383,0.4505495,0.715484383,0.85,0.715484383,2,1,0.715484383,0.85
142,22,351.9002587,1173.088606,0.241435185,0.125,7,4.75,510,810,0.203697092,N,0.203697092,7,7,0.096302908,0.2,2,2,18,0.241435185,0.125,0.7,0.525,0.796302908,1,0.796302908,0.4444444,0.903697092,0.8,0.903697092,2,2,0.903697092,0.8
143,21,185.040316,921.2096474,0.176650641,0.1111111,8,6.25,389,546,0.33596348,N,0.33596348,7,10,0.03596348,0.25,2,2,15,0.176650641,0.1111111,0.8,0.375,0.66403652,1,0.66403652,0.0666667,0.96403652,0.75,0.96403652,2,2,0.96403652,0.75
144,25,199.281184,1810.471092,0.106217523,0.5555555,3,5.95,1037,1140,0.261970977,N,0.261970977,7,5,0.038029023,0.05,2,2,11,0.106217523,0.5555555,0.3,0.405,0.738029023,1,0.738029023,0.8383838,0.961970977,0.95,0.961970977,2,2,0.961970977,0.95
145,21,194.638337,884.1796679,0.189554801,0.3333333,6,3.55,357,707,0.167660918,N,0.167660918,9,10,0.067660918,0.05,2,2,19,0.189554801,0.3333333,0.6,0.645,0.832339082,1,0.832339082,0.7894737,0.932339082,0.95,0.932339082,2,2,0.932339082,0.95
146,21,292.8282256,881.2168155,0.264621788,0.3913043,8,4.166666667,345,537,0.216574618,Y,0.216574618,6,8,0.183425382,0,2,2,16,0.264621788,0.3913043,0.8,0.583333333,0.783425382,0.9,0.783425382,0.375,0.816574618,1,0.816574618,2,2,0.816574618,1
147,20,210.3664041,751.9808183,0.232415423,-0.625,7,4.6,277,445,0.262360016,N,0.262360016,5,6,0.237639984,0.3,2,2,18,0.232415423,-0.625,0.7,0.54,0.737639984,1,0.737639984,0.2777778,0.762360016,0.7,0.762360016,2,2,0.762360016,0.7
148,25,303.7002668,964.5795676,0.25399997,-0.7777777,7,3.7,362,664,0.217813509,N,0.217813509,7,7,0.082186491,0.25,2,1,19,0.25399997,-0.7777777,0.7,0.63,0.782186491,1,0.782186491,0.1578947,0.917813509,0.75,0.917813509,2,1,0.917813509,0.75
149,20,225.5785403,1372.82476,0.156170098,0.3103448,8,6.05,740,954,0.254761573,N,0.254761573,5,8,0.245238427,0.1,2,1,14,0.156170098,0.3103448,0.8,0.395,0.745238427,1,0.745238427,0.7619048,0.754761573,0.9,0.754761573,2,1,0.754761573,0.9
150,25,233.5929524,1227.18176,0.172976617,0.1111111,8,3.6,497,813,0.204391471,N,0.204391471,7,9,0.095608529,0.05,2,2,19,0.172976617,0.1111111,0.8,0.64,0.795608529,1,0.795608529,0.1578947,0.904391471,0.95,0.904391471,2,2,0.904391471,0.95
153,22,204.1390002,957.2870002,0.190663999,1,6,4.3,402,774,0.265855674,N,0.265855674,5,9,0.234144326,0.05,2,1,19,0.190663999,1,0.6,0.57,0.734144326,1,0.734144326,0.7894737,0.765855674,0.95,0.765855674,2,1,0.765855674,0.95
154,24,231.8180006,530.4120002,0.324248231,-0.5,6,4.6,245,378,0.233847844,Y,0.233847844,6,10,0.166152156,0.1,2,2,18,0.324248231,-0.5,0.6,0.54,0.766152156,0.9,0.766152156,-0.2222222,0.833847844,0.9,0.833847844,2,2,0.833847844,0.9
157,22,183.1110008,1214.598,0.137189509,0.625,6,4,430,653,0.33328114,Y,0.33328114,6,7,0.06671886,0.2,2,2,18,0.137189509,0.625,0.6,0.6,0.66671886,0.9,0.66671886,0.5555556,0.93328114,0.8,0.93328114,2,2,0.93328114,0.8
158,25,2648.76,777.5289996,0.397052989,0.5555555,7,4.2,391,517,0.305540223,N,0.305540223,6,9,0.094459777,0.05,2,2,19,0.397052989,0.5555555,0.7,0.58,0.694459777,1,0.694459777,-0.4736842,0.905540223,0.95,0.905540223,2,2,0.905540223,0.95
159,21,230.7490001,511.5079999,0.328098279,-0.2380952,6,4.35,261,476,0.334000974,N,0.334000974,5,4,0.165999026,0.45,0,0,17,0.328098279,-0.2380952,0.6,0.565,0.665999026,1,0.665999026,-0.1764706,0.834000974,0.55,0.834000974,0,0,0.834000974,0.55
160,25,206.6979995,903.0470002,0.208770062,-1,8,4.3,392,606,0.301787498,N,0.301787498,7,9,0.001787498,0,2,1,18,0.208770062,-1,0.8,0.57,0.698212502,1,0.698212502,-0.2222222,0.998212502,1,0.998212502,2,1,0.998212502,1
161,22,154.1469999,1002.863,0.173752021,-0.5862069,8,4.45,287,664,0.274525055,N,0.274525055,8,10,0.074525055,0.3,2,1,14,0.173752021,-0.5862069,0.8,0.555,0.725474945,1,0.725474945,0.1428571,0.925474945,0.7,0.925474945,2,1,0.925474945,0.7
