Participant,T1,R1,T2,R2,T3,R3,T4,R4,T5,R5,T6,R6,T7,R7,T8,R8,T9,R9,T10,R10,T11,R11,T12,R12,T13,R13,T14,R14,T15,R15,T16,R16,T17,R17,T18,R18,T19,R19,T20,R20,T21,R21,T22,R22,T23,R23,T24,R24,T25,R25,T26,R26,T27,R27,T28,R28,T29,R29,T30,R30,T31,R31,T32,R32,T33,R33,T34,R34,T35,R35,T36,R36,T37,R37,T38,R38,T39,R39,T40,R40,T41,R41,T42,R42,T43,R43,T44,R44,T45,R45,T46,R46,T47,R47,T48,R48,T49,R49,T50,R50,T51,R51,T52,R52,T53,R53,T54,R54,T55,R55,T56,R56,T57,R57,T58,R58,T59,R59,T60,R60,T61,R61,T62,R62,T63,R63,T64,R64,T65,R65,T66,R66,T67,R67,T68,R68,T69,R69,T70,R70,T71,R71,T72,R72,T73,R73,T74,R74,T75,R75,T76,R76,T77,R77,Gamma,Error,ni
Puzzle1a,0.511553432,1,0.556733215,0,0.599477785,1,0.460467965,0,0.484495173,1,0.490431811,1,0.524002135,1,0.487682001,1,0.429207566,1,0.170181054,1,0.573974639,1,0.607466288,1,0.435842045,1,0.471917185,1,0.767684712,1,0.539762747,1,0.511600405,1,0.79191815,1,0.562006754,1,0.629254004,0,0.637182424,1,0.631395355,1,0.532587546,1,0.593863197,1,0.522352212,1,0.397098321,1,0.411241349,1,0.546544915,1,0.605752627,1,0.524210663,1,0.350907831,1,0.446207417,1,0.604718208,1,0.760574731,1,0.524369797,1,0.574287271,1,0.562582784,1,0.54117196,1,0.52808106,1,0.49764887,1,0.637364018,1,0.446255001,1,0.707755193,1,0.423975795,1,0.504025845,1,0.325298911,1,0.426700228,1,0.645611356,1,0.629065054,1,0.492199067,1,0.453209783,1,0.524813939,1,0.719214995,1,0.588966849,1,0.395078959,1,0.590894426,1,0.423687525,1,0.545289807,1,0.328562259,1,0.559999766,1,0.495521133,1,0.679928313,1,0.589803709,1,0.270409306,1,0.493970124,1,0.507763627,1,0.70175292,1,0.469266561,1,0.669131318,0,0.518256672,1,0.599738104,1,0.596818411,1,0.408730342,1,0.788169702,0,0.541863193,1,0.537954595,1,0.773405862,1,0.6266667,0.241084,20
Puzzle1b,0.158949314,1,0.193099404,1,0.289135067,0,0.115347658,0,0.216771154,1,0.262781186,0,0.322030602,1,0.226075392,1,0.195644223,0,0.128072831,0,0.149486503,1,0.318881126,1,0.302647679,1,0.151856421,1,0.410990582,1,0.214712629,0,0.338765349,1,0.42367882,1,0.226155979,1,0.272671284,1,0.362891724,1,0.423642945,1,0.308736841,1,0.16504478,0,0.380513763,1,0.224806177,1,0.25241186,0,0.335670478,1,0.206410952,1,0.211927961,0,0.150799792,1,0.151525449,0,0.180848672,1,0.433118622,1,0.305321637,0,0.232375675,1,1,0,0.259569934,1,0.27242965,1,0.212243823,1,0.386740513,1,0.119070806,0,0.325882275,1,0.195790263,0,0.195698143,0,0.162580225,0,0.276758271,1,0.296830475,1,0.234708731,1,0.15111726,0,0.194468685,1,0.231950812,1,0.406367188,1,0.161396856,0,0.22728112,1,0.36867448,1,0.199643141,0,0.218005412,1,0.144215246,0,0.260164307,1,0.355651035,1,0.371560185,0,0.35336534,0,0.152312837,0,0.299716881,1,0.314138867,1,0.455675469,1,0.09856557,0,0.507801924,1,0.32924788,1,0.32409166,1,0.125364085,0,0.252204854,1,0.357127576,1,0.17033998,1,0.201974973,0,0.430301674,1,-0.254902,0.4339165,20
Puzzle2a,0.36805285,1,0.371407647,1,0.516319078,1,0.192126468,1,0.40099687,1,0.481263518,1,0.388997693,1,0.40069896,1,0.132205162,1,0.257351832,1,0.491220796,1,0.362804161,1,0.462967602,1,0.312349221,1,0.502937842,1,0.443956991,1,0.403798271,1,0.569372229,1,0.500372084,1,0.579973068,1,0.463411927,1,0.612374738,1,0.557790924,1,0.406837416,1,0.416001873,1,0.433360934,1,0.54026664,1,0.45312648,1,0.565648102,1,0.423423525,1,0.355225646,1,0.135848773,0,0.38552458,1,0.445556921,1,0.270394878,0,0.44814475,1,0.443349923,1,0.511790553,1,0.511308988,1,0.398317933,1,0.403543398,1,0.309342612,1,0.531773952,1,0.456710948,1,0.254224225,1,0.402056977,1,0.440354573,1,0.554706394,1,0.504953032,1,0.452406168,1,0.601811595,1,0.518464281,1,0.515639148,1,0.234809198,1,0.333815608,1,0.573304729,1,0.412990267,1,0.401422414,1,0.253961583,1,0.33158277,1,0.717968846,1,0.589054656,1,0.546899868,1,0.14009105,1,0.365624562,1,0.390681623,1,0.574509001,1,0.484034022,1,0.73969681,1,0.332675797,1,0.541449306,1,0.367676268,1,0.98489002,1,0.544135471,1,0.545467147,1,0.463447331,0,0.620980828,1,0.3541667,0.2649945,20
Puzzle2b,0.267913846,1,0.173073139,0,0.267915045,1,0.114443276,1,0.197743307,1,0.243320785,0,0.251683891,1,0.266912525,1,0.142755443,0,0.145861015,0,0.28045849,1,0.281335904,1,0.289591212,1,0.382968308,1,0.370020907,1,0.136213096,1,0.261955748,0,0.449462729,1,0.237934605,1,0.137899158,0,0.300910993,1,0.366449257,1,0.197989998,1,0.265004446,1,0.267452799,1,0.170911723,0,0.418400664,1,0.280850962,1,0.246401984,1,0.157168434,1,0.118230233,0,0.129983835,0,0.145231345,1,0.28698127,0,0.162678898,0,0.221500307,1,0.310574472,1,0.200547443,1,0.205402998,1,0.169115795,1,0.259177676,1,0.220873243,1,0.358713458,1,0.223025202,0,0.19141986,1,0.189088055,0,0.305322028,1,0.360143622,1,0.168642688,1,0.195706874,1,0.241977062,1,0.16500268,1,0.189774024,0,0.224531261,1,0.203898881,1,0.313076524,1,0.193249223,1,0.176922613,1,0.149063728,1,0.180112865,1,0.305705266,0,0.311158362,1,0.27200079,1,0.114486318,0,0.215147207,1,0.134456264,1,0.262175434,1,0.226136928,1,0.564911333,1,0.205517262,1,0.30771637,1,0.077076021,0,0.974402356,1,0.310245584,1,0.250703362,1,0.177442302,1,0.294209353,1,-0.07692308,0.29511802,20
Puzzle3a,0.357158664,1,0.356013799,1,0.516060175,1,0.452956731,1,0.332876885,1,0.340914952,1,0.374338214,1,0.373871002,1,0.149449527,1,0.25805079,1,0.404132919,1,0.501853436,1,0.480116522,1,0.540131326,1,0.467119203,1,0.474654153,1,0.48260306,1,0.611036684,1,0.545308316,1,0.546760701,1,0.453446477,1,0.602746376,1,0.595736942,1,0.334024449,1,0.492818883,1,0.399001561,1,0.654045563,1,0.460143717,1,0.326404999,1,0.309327055,1,0.188939996,1,0.516167222,1,0.247882921,1,0.704162138,1,0.184141744,0,0.540097998,1,0.398340746,1,0.360241359,1,0.579571306,1,0.301161845,1,0.428221373,1,0.287142791,1,0.575528246,1,0.290457459,1,0.375054049,1,1,0,0.36673999,1,0.557148244,1,0.551573867,1,0.3026285,1,0.552802065,1,0.499313923,1,0.554494845,1,0.316849031,1,0.517078911,1,0.415299954,1,0.623582217,1,0.482598113,1,0.330421904,1,0.524419821,1,0.574550842,1,0.625712418,1,0.517106877,1,0.379246093,1,0.541306725,1,0.913854018,1,0.583986352,1,0.515505384,1,0.575737524,1,0.577061092,1,0.637868067,1,0.365589353,1,0.948953453,1,0.609788772,1,0.384025942,1,0.344018134,1,0.539521442,1,0.7894737,0.1408118,20
Puzzle3b,0.147798764,0,0.193087112,1,0.298023659,0,0.223737575,1,0.099877601,1,0.211497682,1,0.271870388,1,0.179306643,0,0.171081987,0,0.240931669,0,0.209955518,1,0.234844888,1,0.151293431,0,0.176344749,1,0.221227076,1,0.223784441,1,0.145701738,1,0.39331346,1,0.244461773,1,0.264188513,1,0.36233527,1,0.22533437,1,0.276456515,1,0.124946862,1,0.313681588,1,0.190787008,1,0.371301664,0,0.18374668,1,0.180064124,1,0.195426337,1,0.112465984,0,0.178116396,1,0.125636703,1,0.351811564,1,0.18912495,0,0.233084759,1,0.24471638,0,0.23039997,1,0.306168502,1,0.171325386,1,0.197868743,1,0.09033876,0,0.37295423,1,0.165494563,1,0.237821458,1,1,0,0.161501724,1,0.190720475,1,0.288016371,1,0.124765603,1,0.20731872,1,0.257753944,1,0.298443158,1,0.104884556,0,0.227358537,1,0.278548507,1,0.26842595,1,0.224330924,1,0.101944833,0,0.265262084,1,0.294306143,1,0.296552277,1,0.265466769,1,0.262588979,0,0.240259086,1,0.825949618,1,0.388311211,1,0.212251781,1,0.23158243,1,0.360014944,1,0.428363435,1,0.181406613,1,0.89128808,1,0.42655257,0,0.268426186,1,0.168855153,1,0.302210774,1,0.53125,0.2246688,20
Puzzle4a,0.180208367,1,0.298661583,1,0.533850519,1,0.321959453,1,0.72259642,1,0.431309895,1,0.417436029,1,0.442102566,1,0.248340143,1,0.073538997,1,0.500079085,1,0.419969127,1,0.309507801,1,0.495678239,1,0.722297311,1,0.530188848,1,0.4681832,1,0.57173587,1,0.446820971,1,0.502946992,1,0.583074209,1,0.697367036,1,0.444065236,1,0.424828379,1,0.641010772,1,0.336498053,1,0.586715008,0,0.490270658,1,0.61622362,1,0.405220423,1,0.373343528,1,0.463455002,1,0.437151043,1,0.559338845,1,0.191156514,0,0.589158628,1,0.448854855,1,0.53266523,1,0.489503528,1,0.378096088,1,0.527448712,1,0.403907344,1,0.67113356,1,0.356599174,1,0.367703078,1,1,0,0.358706324,1,0.475127451,1,0.616068148,1,0.375889622,1,0.69091668,1,0.47087412,1,0.635391209,1,0.190724094,1,0.527526076,1,0.497532217,1,0.680411071,1,0.531337662,1,0.339553215,1,0.495575662,1,0.552828739,1,0.60643096,1,0.485329353,1,0.648749009,1,0.481827111,1,0.559360064,1,0.800272512,1,0.549130129,1,0.649032555,1,0.531032011,1,0.55583825,1,0.535447003,1,0.934459414,1,0.636085101,1,0.851838859,0,0.60699692,1,0.605250191,1,0.4509804,0.4096815,20
Puzzle4b,0.137415765,1,0.148967775,1,0.262520955,1,0.068559971,1,0.478320113,1,0.189445308,1,0.268564426,1,0.265592343,1,0.11631268,0,0.06457833,0,0.329163497,1,0.237602092,1,0.158636245,1,0.276829807,1,0.320171055,0,0.288814357,1,0.276264484,1,0.398663743,1,0.200594595,0,0.212266307,1,0.338162533,1,0.454288642,1,0.164034352,1,0.173691973,1,0.322121519,1,0.204968886,1,0.30435129,1,0.219459485,1,0.326780668,1,0.230767965,1,0.099184557,1,0.286769664,1,0.169971441,1,0.349292389,0,0.200240892,1,0.292888207,0,0.220366675,1,0.307438086,1,0.248053317,1,0.155995235,1,0.151960623,0,0.131613096,1,0.26229161,1,0.130977127,0,0.184111541,0,0.076219507,0,0.242630732,1,0.260447469,1,0.308882112,1,0.163014519,1,0.212172699,1,0.245055751,1,0.185828801,0,0.144717977,0,0.248737682,1,0.323140479,1,0.322904719,0,0.157691331,1,0.123985809,0,0.221392484,1,0.21032197,1,0.366307038,1,0.20223563,1,0.261463971,1,0.186539215,0,0.255139081,1,0.585210737,1,0.235669048,1,0.363191344,0,0.289628183,1,0.238481376,1,0.137014213,1,0.74289502,1,0.372829799,1,0.321910965,1,0.233898046,1,0.347796202,1,0.28,0.2704071,20
Puzzle5a,0.475105684,1,0.621529377,1,0.549506031,0,0.398406539,1,0.347132031,1,0.422684222,1,0.48999135,1,0.509413477,1,0.530120405,1,0.270624773,1,0.558723381,1,0.539177567,1,0.508352537,1,0.467315946,1,0.512888761,1,0.511302013,1,0.473738558,1,0.687516076,1,0.42226882,1,0.68537464,1,0.570716227,1,0.642129662,1,0.514098533,1,0.547287933,1,0.578218964,1,0.454398018,1,0.658065674,1,0.567044774,1,0.584304967,1,0.382012732,1,0.35508295,1,0.810731013,1,0.403616698,1,0.642239056,1,0.386915124,1,0.537950989,1,0.498438568,1,0.462948033,1,0.56413879,1,0.451453837,1,0.530491239,1,0.406767089,1,0.580340895,1,0.359152971,1,0.412827757,1,0.240565209,1,0.367283198,1,0.537720528,1,0.511568611,1,0.367541722,1,0.450122565,1,0.637550574,1,0.460495334,1,0.525543054,1,0.507031711,1,0.558153881,1,0.677727915,1,0.61129581,0,0.439724691,1,0.426208656,1,0.636136754,1,0.540350684,1,0.543331084,1,0.356902523,1,0.462324673,1,0.486614792,1,0.523772027,1,0.668252227,1,0.44808995,1,0.767016237,1,0.523310091,1,0.597201577,1,0.528931146,1,0.821169021,1,0.456556816,1,0.538968804,1,0.61653549,1,-0.01098901,0.27357566,20
Puzzle5b,0.248439468,1,0.319071052,1,0.282190475,0,0.147270239,1,0.149339701,1,0.251759589,1,0.261973355,1,0.284323568,1,0.299355908,0,0.097814029,1,0.263376252,1,0.166236296,1,0.242278101,1,0.284687988,1,0.283590116,1,0.280800286,1,0.1371152,1,0.477259459,1,0.193888967,1,0.333961696,1,0.357031263,1,0.408319646,1,0.195666409,1,0.191213197,0,0.359814742,1,0.228160262,1,0.351014097,0,0.375896892,1,0.282335859,1,0.212754439,1,0.167424861,1,0.510430955,0,0.177596723,1,0.292650781,0,1,0,0.211466753,1,0.284510835,1,0.22980545,0,0.3611388,1,0.156616027,1,0.338705001,1,0.188979889,1,0.23956351,1,0.14469836,0,0.146626985,0,0.160300504,0,0.107799276,1,0.200911474,1,0.27980066,1,0.161610186,1,0.112875922,1,0.322631448,1,0.195777539,1,0.228414613,1,0.206946891,1,0.34855522,1,0.287011522,1,0.209437871,0,0.11368297,0,0.187697138,0,0.29167417,1,0.204732152,1,0.3611309,1,0.147491366,0,0.232231396,1,0.193587759,1,0.223586244,1,0.296962152,1,0.262876531,1,0.487232601,1,0.306479306,1,0.133279443,1,0.228411966,1,0.6150044,1,0.179620531,1,0.126713669,0,0.292154451,1,1,0,20
Puzzle6a,0.417461422,1,0.429413097,1,0.561439429,1,0.428277771,0,0.316228453,1,0.42448919,1,0.599403537,1,0.525447833,0,0.240846986,0,0.18068333,1,0.559530177,1,0.541659474,1,0.612882062,1,0.551171939,0,0.613551124,1,0.370751107,1,0.588981696,1,0.684955782,1,0.4243365,1,0.473771376,1,0.565134898,1,0.689750507,1,0.43893279,1,0.358667963,1,0.629064156,1,0.365129471,1,0.551699359,1,0.599953805,1,0.526328672,1,0.502137816,1,0.330525736,1,0.561974075,1,0.323064745,1,0.68596711,0,0.502604819,1,0.653378357,1,0.436058274,1,0.537016985,1,0.509484543,1,0.214820519,1,0.566456517,1,0.376060371,1,0.572105333,1,0.288439715,1,0.492299786,1,0.289379978,1,0.422353973,1,0.52452463,1,0.484185394,1,0.538741565,1,0.480514136,1,0.528702715,1,0.653825348,1,0.434657803,1,0.444671239,1,0.437026505,1,0.769016706,1,0.534718322,1,0.171031156,1,0.52892506,1,0.676233386,1,0.492499748,1,0.642837735,1,0.30898686,1,0.390854678,1,0.557936554,1,0.456696497,1,0.638189672,1,0.743387111,1,0.328221578,1,0.633603163,1,0.385736171,1,0.478626395,1,0.530874143,1,0.432802539,1,0.346361265,1,0.618380746,1,-0.09375,0.335392,20
Puzzle6b,0.195743603,1,0.174608772,1,0.297729255,0,0.123650275,1,0.188835451,1,0.264633769,1,0.243025598,1,0.327227037,1,0.097769964,1,0.063419804,1,0.26627153,1,0.266869501,1,0.277342388,1,0.197583822,1,0.293903035,1,0.183425598,1,0.117035476,0,0.445597695,1,0.243630054,0,0.238667822,1,0.401497946,1,0.332499222,1,0.213199741,0,0.182880289,1,0.450538248,1,0.224144649,1,0.27545423,0,0.370975764,1,0.257597324,1,0.272490683,1,0.211170744,1,0.359306999,0,0.123539372,1,0.448987366,1,0.245885775,1,0.365288445,1,0.240286325,1,0.380205199,1,0.289898754,1,0.157811076,1,0.251208093,1,0.142308758,1,0.273517915,1,0.258923496,1,0.187705021,1,0.162817862,1,0.297592231,1,0.313215054,1,0.313227358,1,0.288475458,1,0.201732853,1,0.300149056,1,0.284388078,1,0.168583318,1,0.220548929,1,0.264114505,1,0.44755076,1,0.20357559,1,0.134633153,0,0.353151416,1,0.451392419,1,0.296411299,0,0.43745747,1,0.246617907,1,0.205666384,1,0.208635187,1,0.25249066,1,0.270532166,1,0.530823274,1,0.156844567,1,0.369162834,1,0.177187217,1,0.230416274,1,0.279308281,1,0.214166422,1,0.110280448,1,0.317513574,1,0.7222222,0.1766554,20
Puzzle7a,0.546691863,1,0.611014895,0,0.476059713,1,0.284303269,1,0.387621438,1,0.504049513,1,0.543233299,1,0.540007715,1,0.591725092,1,0.214126999,1,0.375626276,1,0.52245119,1,0.476614556,1,0.560888528,1,0.592663723,1,0.49374678,1,0.515878454,1,0.590771178,1,0.513015296,1,0.468494777,1,0.718457469,1,0.715916793,1,0.384631096,1,0.444778227,1,0.569211141,1,0.466806888,1,0.689430018,1,0.716997579,1,0.44687228,1,0.518000722,1,0.315860819,1,0.497636795,1,0.450429346,1,0.67244031,1,0.384179717,1,0.633854298,1,0.501566892,1,0.587417394,1,0.599319327,1,0.130120013,1,0.298008367,1,0.135455952,0,0.359079979,1,0.320242702,1,0.292052675,1,0.148123506,0,0.211954919,1,0.330765457,1,0.29767765,1,0.195131664,1,0.157813487,1,0.33297482,1,0.241428011,1,0.220470383,0,0.372298616,1,0.418171699,1,0.382889446,1,0.146849973,1,0.147272781,1,0.287957052,1,0.443431593,1,0.26656626,1,0.387172424,1,0.185012488,1,0.229087769,1,0.273670337,1,0.302452367,1,0.298750251,1,0.422907956,1,0.35626664,1,0.461325579,1,0.326590086,1,0.187910278,1,0.411058016,1,0.44332606,0,0.164775644,1,0.452271039,1,0.01960784,0.41298039,20
Puzzle7b,0.157812499,0,0.336655493,1,0.226675862,1,0.093428869,0,0.208690326,1,0.275638267,1,0.152528219,1,0.248435451,0,0.219617172,0,0.067157914,1,0.203892619,1,0.208551938,1,0.300740627,1,0.227545719,0,0.254123725,1,0.227121984,1,0.164248849,1,0.440936292,1,0.14545082,1,0.295112698,1,0.505576398,1,0.322294887,1,0.302063892,1,0.181114598,1,0.332926088,1,0.238562323,1,0.404288297,0,0.463761025,1,0.184761332,0,0.204432911,1,0.236293151,1,0.225057945,1,0.163842356,1,0.293573665,0,0.177561937,1,0.310057131,1,0.237170665,1,0.296299372,0,0.331879808,1,0.131424018,1,0.283074185,1,0.210905214,1,0.349195366,1,0.227184528,0,0.174908096,0,0.142809225,0,0.297585019,1,0.344675619,1,0.287641379,1,0.200998584,1,0.140521393,1,0.2410269,1,0.296000819,1,0.256265045,1,0.263403699,1,0.382202423,1,0.393074117,1,0.246694537,0,0.133947849,0,0.310431871,1,0.447819208,1,0.278462275,1,0.236161335,1,0.191019873,1,0.160671383,1,0.29105591,1,0.298718824,1,0.324945118,1,0.38659038,1,0.2743322,1,0.407379777,1,0.222206013,1,0.161002004,1,0.398827653,1,0.285695541,1,0.136852678,1,0.352112434,1,0.6862745,0.1704956,20
Puzzle8a,0.390419822,1,0.532011053,1,0.519151568,1,0.286291781,0,0.453128138,1,0.414688219,1,0.446958782,1,0.445656701,1,0.51070792,1,1,0,0.413896278,1,0.51618122,1,0.583775781,1,0.611892644,1,0.641105332,1,0.591525138,1,0.433729074,1,0.664814481,1,0.471028286,1,0.474443224,1,0.557837973,1,0.697112108,1,0.445741168,1,0.385611951,1,0.525912012,1,0.373342272,1,0.583105645,1,0.597186873,1,0.429665285,1,0.385074354,1,0.366928665,1,0.512800458,1,0.43037678,1,0.635778781,1,0.492267091,1,0.609227635,1,0.401297853,1,0.607547249,1,0.504980275,1,0.153770781,1,0.303786995,1,0.12767821,1,0.33547115,1,0.209137252,0,0.321364015,1,0.140825458,0,0.281223086,1,0.309754223,1,0.267918025,1,0.196436261,1,0.189333342,1,0.349780589,1,0.343169862,1,0.177206044,1,0.318481293,1,0.351983222,1,0.392458063,1,0.227036947,0,0.245466692,1,0.28137144,1,0.491065393,1,0.273065198,1,0.426055954,1,0.22149227,1,0.194073511,1,0.200963352,1,0.332308874,1,0.27785741,1,0.430247815,1,0.251692263,1,0.317429601,1,0.197271546,1,0.509132538,1,0.383003974,0,0.267202699,1,0.189366076,1,0.351140494,1,0,0.2605787,20
Puzzle8b,0.170507357,0,0.170826572,1,0.302402932,0,0.070994616,0,0.185641327,0,0.216655108,0,0.213920026,1,0.306443676,1,0.158992059,0,0.21505669,0,0.188446634,1,0.184503396,1,0.29677579,1,0.285226359,0,0.25151297,0,0.307752954,0,0.115292269,1,0.455575719,0,0.185630951,0,0.242267814,1,0.263477314,1,0.457011001,1,0.245498387,0,0.18303446,0,0.271276425,1,0.220723928,0,0.309287174,0,0.301390758,0,0.245992244,1,0.168534244,0,0.171847755,0,0.265073459,0,0.178415653,1,0.366998585,0,0.235863278,0,0.335645265,0,0.192649937,0,0.287319494,0,0.291445536,0,0.161191732,1,0.285597203,1,0.11819571,1,0.259785071,1,0.22283148,0,0.181771439,0,0.122522385,1,0.226613719,1,0.29781478,1,0.318791331,1,0.17781932,1,0.177030317,1,0.377256841,1,0.288280177,1,0.150435819,1,0.314950609,1,0.302558877,1,0.436139917,1,0.202625387,1,0.141812504,0,0.235886104,1,0.34799611,1,0.26553509,1,0.341397792,1,0.257597154,1,0.221817942,1,0.186820566,1,0.346629034,1,0.233609599,1,0.382722231,1,0.185407954,1,0.383308076,1,0.210574133,1,0.515792178,1,0.35324355,1,0.213874034,1,0.145506761,1,0.279047921,1,0.6862745,0.1792889,20
Puzzle9a,0.470555593,1,0.559483512,1,0.390929828,1,0.480407469,1,0.349497731,1,0.415272583,1,0.408888283,1,0.689837524,1,0.800498963,1,0.451258404,1,0.531333408,1,0.524030532,1,0.530208716,1,0.563865306,0,0.610905781,1,0.585763208,0,0.488366533,1,0.544776297,1,0.42222345,1,0.591396923,1,0.62208251,1,0.703094357,1,0.548596157,1,0.41776997,1,0.522710494,1,0.520919243,1,0.729438102,1,0.497132082,1,0.537942114,1,0.459851589,1,0.291842786,1,0.47755557,1,0.381358192,1,0.651241451,1,0.489962293,1,0.680370392,1,0.462298364,1,0.504096758,1,0.473816627,0,0.127009053,1,0.297633929,1,0.138050725,1,0.395427919,1,0.170628098,0,0.221694502,1,0.084876497,0,0.292985059,1,0.218105047,1,0.228687071,1,0.191955085,1,0.146915743,1,0.194403984,1,0.276570065,1,0.139105803,0,0.326929713,1,0.454450849,1,0.243167769,1,0.216049828,1,0.153924239,1,0.18044335,1,0.310515924,1,0.23737271,1,0.354863885,1,0.227466107,0,0.215460251,1,0.487289949,1,0.323592196,1,0.200288933,1,0.320297173,1,0.188987431,1,0.29337477,1,0.275422398,1,0.159471393,1,0.443554396,1,0.241442897,1,0.200161138,0,0.351756841,1,0.05555556,0.67000195,20
Puzzle9b,0.40971266,0,0.57783335,1,0.387637286,0,0.470503702,0,0.467092541,1,0.410902191,0,0.535358148,1,0.703365922,1,0.824539844,0,0.442813364,0,0.595346128,1,0.529183053,1,0.5017092,1,0.620211351,1,0.610271139,1,0.536728177,1,0.479087325,1,0.569903339,0,0.466396146,1,0.60223751,1,0.65272778,1,0.715358986,1,0.585120116,1,0.49555657,1,0.578817295,1,0.516801304,1,0.724066451,1,0.505839622,1,0.53283373,1,0.478763193,1,0.326097181,0,0.502961787,0,0.39324701,1,0.705121727,1,0.493116257,1,0.712815615,1,0.491383262,1,0.505016784,1,0.499925532,0,0.122060178,1,0.29207644,1,0.12948664,1,0.377603995,1,0.220979079,0,0.210827467,0,0.115089019,1,0.272117821,1,0.220469222,1,0.21828824,1,0.175561439,1,0.152572185,0,0.199440775,1,0.297809919,1,0.144544933,0,0.345760321,1,0.456082823,1,0.247985496,1,0.25268577,1,0.171796636,0,0.189545544,1,0.32426808,0,0.279511083,1,0.383728932,1,0.225192162,0,0.222417986,1,0.517416055,1,0.347779683,1,0.215614845,1,0.390716951,1,0.260584723,1,0.346403072,1,0.299523983,1,0.146462721,1,0.508486506,1,0.206913419,1,0.200433481,1,0.422638299,1,0.6666667,0.1756821,20
Puzzle10a,0.333686371,1,0.494262511,1,0.508259484,1,0.298656292,1,0.418391528,1,0.355064411,1,0.40225224,1,0.636369313,1,0.534930415,1,0.869717496,1,0.581277361,1,0.516587274,1,0.395730608,1,0.525710062,1,0.65238031,1,0.45399754,1,0.489925339,1,0.564628851,1,0.466394848,1,0.421123391,1,0.64352985,1,0.47746501,1,0.477649143,1,0.476901912,1,0.484012415,1,0.364645198,1,0.791857997,1,0.323368315,1,0.418985299,1,0.556152647,1,0.309600446,1,0.559016413,1,0.425262099,1,0.372620279,1,0.352142693,1,0.512541108,1,0.417085256,1,0.661452497,1,0.482018634,0,0.164330541,1,0.278492101,1,0.181232432,1,0.380240078,1,0.164891379,0,0.237930919,1,0.127624456,1,0.210044529,1,0.22372547,1,0.313901217,1,0.191715396,1,0.191896005,1,0.40611849,1,0.463574499,1,0.142982821,1,0.154768801,1,0.373329957,1,0.274627472,1,0.294549106,0,0.074126592,1,0.223211344,1,0.308078606,0,0.237982048,1,0.368259476,1,0.231456383,1,0.242153465,1,0.346636609,1,0.28245593,1,0.29724666,1,0.349038621,1,0.270860187,1,0.239011336,1,0.216811754,1,0.692970329,0,0.391010326,1,0.176997484,1,0.820788193,0,0.328872375,1,0.6470588,0.1849189,20
Puzzle10b,0.095399602,0,0.200626869,1,0.345535579,0,0.085959152,1,0.191858486,1,0.272413691,1,0.206144058,1,0.443728525,1,0.297576912,0,0.736431963,1,0.308976935,1,0.271993036,1,0.256985383,1,0.287512533,1,0.50928474,1,0.275922529,1,0.158824745,0,0.344135007,1,0.235217522,1,0.262679867,1,0.438716419,1,0.413887665,1,0.265598525,1,0.272987759,1,0.376541538,1,0.149200443,0,0.651374173,0,0.264736773,1,0.214284063,1,0.318120791,1,0.142479677,1,0.290834437,1,0.282506389,1,0.311527182,0,0.21650105,0,0.285902129,1,0.200747455,1,0.418854838,0,0.323685766,0,0.19550135,0,0.303940245,0,0.147291787,1,0.401804897,1,0.526253128,0,0.163398244,1,0.130332005,0,0.205380121,1,0.239167451,1,0.283908285,1,0.113043112,1,0.184266943,1,0.241060526,0,0.308698587,1,0.147612836,0,0.202638317,1,0.39332193,1,0.287619738,1,0.292000973,1,0.07313265,0,0.191599483,1,0.272559452,0,0.262579087,1,0.414148403,1,0.176781107,1,0.207350007,1,0.345015329,1,0.334173499,1,0.175940871,1,0.340886965,1,0.249543666,1,0.244203176,1,0.171830371,1,0.185709381,1,0.469628406,1,0.159517179,1,0.643092097,0,0.292990445,1,0.92156863,0.08255226,20
,,,,,,,,,,,,,,,,,,,,,,,,,,,,,,,,,,,,,,,,,,,,,,,,,,,,,,,,,,,,,,,,,,,,,,,,,,,,,,,,,,,,,,,,,,,,,,,,,,,,,,,,,,,,,,,,,,,,,,,,,,,,,,,,,,,,,,,,,,,,,,,,,,,,,,,,,,,0.6666667,0.1847796,20
,,,,,,,,,,,,,,,,,,,,,,,,,,,,,,,,,,,,,,,,,,,,,,,,,,,,,,,,,,,,,,,,,,,,,,,,,,,,,,,,,,,,,,,,,,,,,,,,,,,,,,,,,,,,,,,,,,,,,,,,,,,,,,,,,,,,,,,,,,,,,,,,,,,,,,,,,,,0.5789474,0.1870575,20
,,,,,,,,,,,,,,,,,,,,,,,,,,,,,,,,,,,,,,,,,,,,,,,,,,,,,,,,,,,,,,,,,,,,,,,,,,,,,,,,,,,,,,,,,,,,,,,,,,,,,,,,,,,,,,,,,,,,,,,,,,,,,,,,,,,,,,,,,,,,,,,,,,,,,,,,,,,0.8947368,0.1024556,20
,,,,,,,,,,,,,,,,,,,,,,,,,,,,,,,,,,,,,,,,,,,,,,,,,,,,,,,,,,,,,,,,,,,,,,,,,,,,,,,,,,,,,,,,,,,,,,,,,,,,,,,,,,,,,,,,,,,,,,,,,,,,,,,,,,,,,,,,,,,,,,,,,,,,,,,,,,,0.7777778,0.1481481,20
,,,,,,,,,,,,,,,,,,,,,,,,,,,,,,,,,,,,,,,,,,,,,,,,,,,,,,,,,,,,,,,,,,,,,,,,,,,,,,,,,,,,,,,,,,,,,,,,,,,,,,,,,,,,,,,,,,,,,,,,,,,,,,,,,,,,,,,,,,,,,,,,,,,,,,,,,,,0.5,0.265165,20
,,,,,,,,,,,,,,,,,,,,,,,,,,,,,,,,,,,,,,,,,,,,,,,,,,,,,,,,,,,,,,,,,,,,,,,,,,,,,,,,,,,,,,,,,,,,,,,,,,,,,,,,,,,,,,,,,,,,,,,,,,,,,,,,,,,,,,,,,,,,,,,,,,,,,,,,,,,0.5164835,0.2280069,20
,,,,,,,,,,,,,,,,,,,,,,,,,,,,,,,,,,,,,,,,,,,,,,,,,,,,,,,,,,,,,,,,,,,,,,,,,,,,,,,,,,,,,,,,,,,,,,,,,,,,,,,,,,,,,,,,,,,,,,,,,,,,,,,,,,,,,,,,,,,,,,,,,,,,,,,,,,,0.7582418,0.2054758,20
,,,,,,,,,,,,,,,,,,,,,,,,,,,,,,,,,,,,,,,,,,,,,,,,,,,,,,,,,,,,,,,,,,,,,,,,,,,,,,,,,,,,,,,,,,,,,,,,,,,,,,,,,,,,,,,,,,,,,,,,,,,,,,,,,,,,,,,,,,,,,,,,,,,,,,,,,,,0.5151515,0.2387229,20
,,,,,,,,,,,,,,,,,,,,,,,,,,,,,,,,,,,,,,,,,,,,,,,,,,,,,,,,,,,,,,,,,,,,,,,,,,,,,,,,,,,,,,,,,,,,,,,,,,,,,,,,,,,,,,,,,,,,,,,,,,,,,,,,,,,,,,,,,,,,,,,,,,,,,,,,,,,0.3888889,0.213566,20
,,,,,,,,,,,,,,,,,,,,,,,,,,,,,,,,,,,,,,,,,,,,,,,,,,,,,,,,,,,,,,,,,,,,,,,,,,,,,,,,,,,,,,,,,,,,,,,,,,,,,,,,,,,,,,,,,,,,,,,,,,,,,,,,,,,,,,,,,,,,,,,,,,,,,,,,,,,0.1764706,0.4976822,20
,,,,,,,,,,,,,,,,,,,,,,,,,,,,,,,,,,,,,,,,,,,,,,,,,,,,,,,,,,,,,,,,,,,,,,,,,,,,,,,,,,,,,,,,,,,,,,,,,,,,,,,,,,,,,,,,,,,,,,,,,,,,,,,,,,,,,,,,,,,,,,,,,,,,,,,,,,,0.59375,0.1956248,20
,,,,,,,,,,,,,,,,,,,,,,,,,,,,,,,,,,,,,,,,,,,,,,,,,,,,,,,,,,,,,,,,,,,,,,,,,,,,,,,,,,,,,,,,,,,,,,,,,,,,,,,,,,,,,,,,,,,,,,,,,,,,,,,,,,,,,,,,,,,,,,,,,,,,,,,,,,,0.1733333,0.241084,20
,,,,,,,,,,,,,,,,,,,,,,,,,,,,,,,,,,,,,,,,,,,,,,,,,,,,,,,,,,,,,,,,,,,,,,,,,,,,,,,,,,,,,,,,,,,,,,,,,,,,,,,,,,,,,,,,,,,,,,,,,,,,,,,,,,,,,,,,,,,,,,,,,,,,,,,,,,,-0.2631579,0.2213295,20
,,,,,,,,,,,,,,,,,,,,,,,,,,,,,,,,,,,,,,,,,,,,,,,,,,,,,,,,,,,,,,,,,,,,,,,,,,,,,,,,,,,,,,,,,,,,,,,,,,,,,,,,,,,,,,,,,,,,,,,,,,,,,,,,,,,,,,,,,,,,,,,,,,,,,,,,,,,0.4444444,0.4099249,20
,,,,,,,,,,,,,,,,,,,,,,,,,,,,,,,,,,,,,,,,,,,,,,,,,,,,,,,,,,,,,,,,,,,,,,,,,,,,,,,,,,,,,,,,,,,,,,,,,,,,,,,,,,,,,,,,,,,,,,,,,,,,,,,,,,,,,,,,,,,,,,,,,,,,,,,,,,,0.8039216,0.1477556,20
,,,,,,,,,,,,,,,,,,,,,,,,,,,,,,,,,,,,,,,,,,,,,,,,,,,,,,,,,,,,,,,,,,,,,,,,,,,,,,,,,,,,,,,,,,,,,,,,,,,,,,,,,,,,,,,,,,,,,,,,,,,,,,,,,,,,,,,,,,,,,,,,,,,,,,,,,,,0.6767677,0.2102203,20
,,,,,,,,,,,,,,,,,,,,,,,,,,,,,,,,,,,,,,,,,,,,,,,,,,,,,,,,,,,,,,,,,,,,,,,,,,,,,,,,,,,,,,,,,,,,,,,,,,,,,,,,,,,,,,,,,,,,,,,,,,,,,,,,,,,,,,,,,,,,,,,,,,,,,,,,,,,0.7857143,0.1402829,20
,,,,,,,,,,,,,,,,,,,,,,,,,,,,,,,,,,,,,,,,,,,,,,,,,,,,,,,,,,,,,,,,,,,,,,,,,,,,,,,,,,,,,,,,,,,,,,,,,,,,,,,,,,,,,,,,,,,,,,,,,,,,,,,,,,,,,,,,,,,,,,,,,,,,,,,,,,,0.0416667,0.27415168,20
,,,,,,,,,,,,,,,,,,,,,,,,,,,,,,,,,,,,,,,,,,,,,,,,,,,,,,,,,,,,,,,,,,,,,,,,,,,,,,,,,,,,,,,,,,,,,,,,,,,,,,,,,,,,,,,,,,,,,,,,,,,,,,,,,,,,,,,,,,,,,,,,,,,,,,,,,,,0.7894737,0.1408118,20
,,,,,,,,,,,,,,,,,,,,,,,,,,,,,,,,,,,,,,,,,,,,,,,,,,,,,,,,,,,,,,,,,,,,,,,,,,,,,,,,,,,,,,,,,,,,,,,,,,,,,,,,,,,,,,,,,,,,,,,,,,,,,,,,,,,,,,,,,,,,,,,,,,,,,,,,,,,0.6842105,0.1673094,20
,,,,,,,,,,,,,,,,,,,,,,,,,,,,,,,,,,,,,,,,,,,,,,,,,,,,,,,,,,,,,,,,,,,,,,,,,,,,,,,,,,,,,,,,,,,,,,,,,,,,,,,,,,,,,,,,,,,,,,,,,,,,,,,,,,,,,,,,,,,,,,,,,,,,,,,,,,,0.4736842,0.2020452,20
,,,,,,,,,,,,,,,,,,,,,,,,,,,,,,,,,,,,,,,,,,,,,,,,,,,,,,,,,,,,,,,,,,,,,,,,,,,,,,,,,,,,,,,,,,,,,,,,,,,,,,,,,,,,,,,,,,,,,,,,,,,,,,,,,,,,,,,,,,,,,,,,,,,,,,,,,,,1,0,20
,,,,,,,,,,,,,,,,,,,,,,,,,,,,,,,,,,,,,,,,,,,,,,,,,,,,,,,,,,,,,,,,,,,,,,,,,,,,,,,,,,,,,,,,,,,,,,,,,,,,,,,,,,,,,,,,,,,,,,,,,,,,,,,,,,,,,,,,,,,,,,,,,,,,,,,,,,,0.7802198,0.1424711,20
,,,,,,,,,,,,,,,,,,,,,,,,,,,,,,,,,,,,,,,,,,,,,,,,,,,,,,,,,,,,,,,,,,,,,,,,,,,,,,,,,,,,,,,,,,,,,,,,,,,,,,,,,,,,,,,,,,,,,,,,,,,,,,,,,,,,,,,,,,,,,,,,,,,,,,,,,,,0.5555556,0.274674,20
,,,,,,,,,,,,,,,,,,,,,,,,,,,,,,,,,,,,,,,,,,,,,,,,,,,,,,,,,,,,,,,,,,,,,,,,,,,,,,,,,,,,,,,,,,,,,,,,,,,,,,,,,,,,,,,,,,,,,,,,,,,,,,,,,,,,,,,,,,,,,,,,,,,,,,,,,,,-0.2266667,0.2663109,20
,,,,,,,,,,,,,,,,,,,,,,,,,,,,,,,,,,,,,,,,,,,,,,,,,,,,,,,,,,,,,,,,,,,,,,,,,,,,,,,,,,,,,,,,,,,,,,,,,,,,,,,,,,,,,,,,,,,,,,,,,,,,,,,,,,,,,,,,,,,,,,,,,,,,,,,,,,,0.7575758,0.1701162,20
,,,,,,,,,,,,,,,,,,,,,,,,,,,,,,,,,,,,,,,,,,,,,,,,,,,,,,,,,,,,,,,,,,,,,,,,,,,,,,,,,,,,,,,,,,,,,,,,,,,,,,,,,,,,,,,,,,,,,,,,,,,,,,,,,,,,,,,,,,,,,,,,,,,,,,,,,,,0.7894737,0.1408118,20
,,,,,,,,,,,,,,,,,,,,,,,,,,,,,,,,,,,,,,,,,,,,,,,,,,,,,,,,,,,,,,,,,,,,,,,,,,,,,,,,,,,,,,,,,,,,,,,,,,,,,,,,,,,,,,,,,,,,,,,,,,,,,,,,,,,,,,,,,,,,,,,,,,,,,,,,,,,0.65625,0.1772938,20
,,,,,,,,,,,,,,,,,,,,,,,,,,,,,,,,,,,,,,,,,,,,,,,,,,,,,,,,,,,,,,,,,,,,,,,,,,,,,,,,,,,,,,,,,,,,,,,,,,,,,,,,,,,,,,,,,,,,,,,,,,,,,,,,,,,,,,,,,,,,,,,,,,,,,,,,,,,-0.1666667,0.2421611,20
,,,,,,,,,,,,,,,,,,,,,,,,,,,,,,,,,,,,,,,,,,,,,,,,,,,,,,,,,,,,,,,,,,,,,,,,,,,,,,,,,,,,,,,,,,,,,,,,,,,,,,,,,,,,,,,,,,,,,,,,,,,,,,,,,,,,,,,,,,,,,,,,,,,,,,,,,,,0.4736842,0.2020452,20
,,,,,,,,,,,,,,,,,,,,,,,,,,,,,,,,,,,,,,,,,,,,,,,,,,,,,,,,,,,,,,,,,,,,,,,,,,,,,,,,,,,,,,,,,,,,,,,,,,,,,,,,,,,,,,,,,,,,,,,,,,,,,,,,,,,,,,,,,,,,,,,,,,,,,,,,,,,0.5,0.2296107,20
,,,,,,,,,,,,,,,,,,,,,,,,,,,,,,,,,,,,,,,,,,,,,,,,,,,,,,,,,,,,,,,,,,,,,,,,,,,,,,,,,,,,,,,,,,,,,,,,,,,,,,,,,,,,,,,,,,,,,,,,,,,,,,,,,,,,,,,,,,,,,,,,,,,,,,,,,,,0.8947368,0.1024556,20
,,,,,,,,,,,,,,,,,,,,,,,,,,,,,,,,,,,,,,,,,,,,,,,,,,,,,,,,,,,,,,,,,,,,,,,,,,,,,,,,,,,,,,,,,,,,,,,,,,,,,,,,,,,,,,,,,,,,,,,,,,,,,,,,,,,,,,,,,,,,,,,,,,,,,,,,,,,1,0,20
,,,,,,,,,,,,,,,,,,,,,,,,,,,,,,,,,,,,,,,,,,,,,,,,,,,,,,,,,,,,,,,,,,,,,,,,,,,,,,,,,,,,,,,,,,,,,,,,,,,,,,,,,,,,,,,,,,,,,,,,,,,,,,,,,,,,,,,,,,,,,,,,,,,,,,,,,,,-0.1666667,0.4547418,20
,,,,,,,,,,,,,,,,,,,,,,,,,,,,,,,,,,,,,,,,,,,,,,,,,,,,,,,,,,,,,,,,,,,,,,,,,,,,,,,,,,,,,,,,,,,,,,,,,,,,,,,,,,,,,,,,,,,,,,,,,,,,,,,,,,,,,,,,,,,,,,,,,,,,,,,,,,,1,0,20
,,,,,,,,,,,,,,,,,,,,,,,,,,,,,,,,,,,,,,,,,,,,,,,,,,,,,,,,,,,,,,,,,,,,,,,,,,,,,,,,,,,,,,,,,,,,,,,,,,,,,,,,,,,,,,,,,,,,,,,,,,,,,,,,,,,,,,,,,,,,,,,,,,,,,,,,,,,-0.3684211,0.2132784,20
,,,,,,,,,,,,,,,,,,,,,,,,,,,,,,,,,,,,,,,,,,,,,,,,,,,,,,,,,,,,,,,,,,,,,,,,,,,,,,,,,,,,,,,,,,,,,,,,,,,,,,,,,,,,,,,,,,,,,,,,,,,,,,,,,,,,,,,,,,,,,,,,,,,,,,,,,,,-0.1372549,0.3511853,20
,,,,,,,,,,,,,,,,,,,,,,,,,,,,,,,,,,,,,,,,,,,,,,,,,,,,,,,,,,,,,,,,,,,,,,,,,,,,,,,,,,,,,,,,,,,,,,,,,,,,,,,,,,,,,,,,,,,,,,,,,,,,,,,,,,,,,,,,,,,,,,,,,,,,,,,,,,,-0.8333333,0.14698618,20
,,,,,,,,,,,,,,,,,,,,,,,,,,,,,,,,,,,,,,,,,,,,,,,,,,,,,,,,,,,,,,,,,,,,,,,,,,,,,,,,,,,,,,,,,,,,,,,,,,,,,,,,,,,,,,,,,,,,,,,,,,,,,,,,,,,,,,,,,,,,,,,,,,,,,,,,,,,-0.3095238,0.2894223,20
